stimulus_name,median_duration
gabors,0.2502092301320999
flashes,0.2502075593599784
drifting_gratings,2.001670000000331
natural_movie_three,120.10034999999885
natural_movie_one,30.0250899999996
static_gratings,0.2502092328932122
natural_scenes,0.2502092433205689
drifting_gratings_contrast,0.5004184602639725
natural_movie_one_more_repeats,30.02509000000005
drifting_gratings_75_repeats,2.0016700000005585
dot_motion,1.0008380703675357
